{
    "metadata":{
        "uvs":1,
        "normals":12,
        "faces":356,
        "type":"Geometry",
        "vertices":454,
        "version":3,
        "generator":"io_three"
    },
    "name":"C_PigGeometry",
    "uvs":[[0.275391,0.5,0.060547,0.5,0.037109,0.5,0.001953,0.5,0.759766,0.5]],
    "normals":[-1,0,-0,-0.999969,0,-0,1,0,-0,0.999969,0,-0,0,1,-0,0,0.999969,-0,0,-1,-0,0,-0.999969,-0,0,0,1,0,0,0.999969,0,0,-1,0,0,-0.999969],
    "faces":[40,0,1,2,0,0,0,0,0,0,40,3,1,0,0,0,0,1,0,0,40,4,5,6,1,1,1,0,1,0,40,7,5,4,1,1,1,0,1,0,40,8,5,7,1,1,1,0,1,0,40,9,8,7,2,2,2,0,0,0,40,10,8,9,2,2,2,0,0,0,40,11,9,7,2,2,2,0,0,0,40,11,10,9,0,0,0,0,0,0,40,12,8,10,2,2,2,0,0,0,40,12,10,11,0,0,0,0,0,0,40,13,11,7,2,2,2,0,0,0,40,14,12,11,1,1,1,0,0,0,40,14,11,13,2,2,2,0,0,0,40,15,8,12,2,2,2,0,0,0,40,15,12,14,1,1,1,0,0,0,40,16,8,15,2,2,2,0,0,0,40,17,18,19,1,1,1,0,0,0,40,20,18,17,1,1,1,0,0,0,40,21,22,23,1,1,1,0,0,0,40,24,22,21,1,1,1,0,0,0,40,25,20,17,2,2,2,0,0,0,40,26,24,21,2,2,2,0,0,0,40,27,25,17,2,2,2,0,0,0,40,27,26,25,2,2,2,0,0,0,40,28,24,26,2,2,2,0,0,0,40,28,26,27,2,2,2,0,0,0,40,29,30,31,2,2,2,0,0,0,40,32,30,29,2,2,2,0,0,0,40,33,32,29,3,3,3,0,0,0,40,34,30,32,2,2,2,0,0,0,40,34,32,33,3,3,3,0,0,0,40,35,34,33,2,2,2,1,0,0,40,36,30,34,2,2,2,0,0,0,40,36,34,35,2,2,2,0,0,1,40,37,30,36,2,2,2,0,0,0,40,38,30,37,2,2,2,0,0,0,40,39,30,38,2,2,2,0,0,0,40,40,37,36,1,1,1,0,0,0,40,41,38,37,2,2,2,0,0,0,40,41,37,40,1,1,1,0,0,0,40,42,41,40,2,2,2,0,0,0,40,43,38,41,2,2,2,0,0,0,40,43,41,42,2,2,2,0,0,0,40,44,45,46,2,2,2,0,0,0,40,47,45,44,2,2,2,0,0,0,40,48,44,49,1,1,1,1,0,0,40,50,48,49,1,1,1,0,1,0,40,51,48,50,1,1,1,0,1,0,40,52,53,54,2,2,2,0,0,0,40,55,53,52,2,2,2,0,0,0,40,56,57,58,2,2,2,1,0,0,40,59,57,56,2,2,2,0,0,1,40,60,61,62,1,1,1,0,1,0,40,63,61,60,1,1,1,0,1,0,40,64,61,63,1,1,1,0,1,0,40,65,64,63,2,2,2,0,0,0,40,66,64,65,2,2,2,0,0,0,40,67,66,65,1,1,1,0,0,0,40,68,66,67,1,1,1,0,0,0,40,69,70,71,2,2,2,0,0,0,40,72,70,69,2,2,2,0,0,0,40,73,74,75,1,1,1,0,1,0,40,76,74,73,1,1,1,0,1,0,40,77,76,73,2,2,2,0,0,0,40,78,76,77,2,2,2,0,0,0,40,79,80,81,0,0,0,0,0,0,40,82,80,79,0,0,0,0,0,0,40,83,84,85,0,0,0,2,2,2,40,85,84,86,0,0,0,2,2,2,40,87,88,89,1,1,1,2,3,2,40,89,88,90,1,1,1,2,3,2,40,89,90,91,2,2,2,2,2,2,40,91,90,92,2,2,2,2,2,2,40,93,94,95,1,1,1,2,3,2,40,95,94,96,1,1,1,2,3,2,40,96,94,97,1,1,1,2,3,2,40,96,97,98,2,2,2,2,2,2,40,98,97,99,2,2,2,2,2,2,40,98,99,100,1,1,1,2,2,2,40,100,99,101,1,1,1,2,2,2,40,102,103,104,2,2,2,2,2,2,40,104,103,105,2,2,2,2,2,2,40,106,107,108,2,2,2,2,2,2,40,108,107,109,2,2,2,2,2,2,40,110,108,111,1,1,1,2,2,3,40,110,111,112,1,1,1,2,3,2,40,112,111,113,1,1,1,2,3,2,40,114,115,116,2,2,2,2,2,2,40,116,115,117,2,2,2,2,2,2,40,118,119,120,2,2,2,2,2,3,40,120,119,121,2,2,2,3,2,2,40,122,123,124,2,2,2,2,2,2,40,124,123,125,2,2,2,2,2,2,40,124,125,126,3,3,3,2,2,2,40,125,123,127,2,2,2,2,2,2,40,126,125,127,3,3,3,2,2,2,40,126,127,128,2,2,2,2,2,3,40,127,123,129,2,2,2,2,2,2,40,128,127,129,2,2,2,3,2,2,40,129,123,130,2,2,2,2,2,2,40,130,123,131,2,2,2,2,2,2,40,131,123,132,2,2,2,2,2,2,40,129,130,133,1,1,1,2,2,2,40,130,131,134,2,2,2,2,2,2,40,133,130,134,1,1,1,2,2,2,40,133,134,135,2,2,2,2,2,2,40,134,131,136,2,2,2,2,2,2,40,135,134,136,2,2,2,2,2,2,40,137,138,139,1,1,1,2,3,2,40,139,138,140,1,1,1,2,3,2,40,140,138,141,1,1,1,2,3,2,40,140,141,142,2,2,2,2,2,2,40,142,141,143,2,2,2,2,2,2,40,144,145,146,1,1,1,2,2,2,40,146,145,147,1,1,1,2,2,2,40,148,149,150,1,1,1,2,2,2,40,150,149,151,1,1,1,2,2,2,40,146,147,152,2,2,2,2,2,2,40,150,151,153,2,2,2,2,2,2,40,146,152,154,2,2,2,2,2,2,40,152,153,154,2,2,2,2,2,2,40,153,151,155,2,2,2,2,2,2,40,154,153,155,2,2,2,2,2,2,40,156,157,158,0,0,0,2,2,2,40,158,157,159,0,0,0,2,2,3,40,160,161,162,1,1,1,4,5,5,40,163,161,160,1,1,1,4,5,4,40,164,160,162,1,1,1,4,4,5,40,164,163,160,4,4,4,4,4,4,40,165,161,163,1,1,1,5,5,4,40,165,163,164,4,4,4,5,4,4,40,166,164,162,1,1,1,4,4,5,40,166,165,164,1,1,1,4,5,4,40,167,161,165,1,1,1,4,5,5,40,167,165,166,1,1,1,4,5,4,40,168,166,162,1,1,1,4,4,5,40,168,167,166,4,4,4,4,4,4,40,169,161,167,1,1,1,4,5,4,40,169,167,168,4,4,4,4,4,4,40,170,168,162,1,1,1,4,4,5,40,170,169,168,1,1,1,4,4,4,40,171,161,169,1,1,1,5,5,4,40,171,169,170,1,1,1,5,4,4,40,172,173,174,2,2,2,4,4,4,40,175,173,172,2,2,2,5,4,4,40,176,172,174,2,2,2,4,4,4,40,176,175,172,1,1,1,4,5,4,40,177,173,175,2,2,2,4,4,5,40,177,175,176,1,1,1,4,5,4,40,178,173,177,2,2,2,4,4,4,40,179,180,181,2,2,2,4,5,4,40,182,183,180,3,3,3,4,4,5,40,182,180,179,2,2,2,4,5,4,40,184,183,182,3,3,3,4,4,4,40,185,186,183,2,2,2,4,5,4,40,185,183,184,3,3,3,4,4,4,40,187,188,189,1,1,1,4,4,4,40,190,188,187,1,1,1,4,4,4,40,191,185,184,4,4,4,4,4,4,40,192,186,185,2,2,2,4,5,4,40,192,185,191,4,4,4,4,4,4,40,193,192,191,2,2,2,4,4,4,40,194,186,192,2,2,2,4,5,4,40,194,192,193,2,2,2,4,4,4,40,195,179,178,2,2,2,5,4,4,40,195,176,174,2,2,2,5,4,4,40,195,178,177,2,2,2,5,4,4,40,195,177,176,2,2,2,5,4,4,40,196,179,195,2,2,2,4,4,5,40,197,179,196,2,2,2,4,4,4,40,198,179,197,2,2,2,4,4,4,40,199,194,193,4,4,4,4,4,4,40,200,186,194,2,2,2,4,5,4,40,200,194,199,4,4,4,4,4,4,40,201,195,174,2,2,2,4,5,4,40,201,196,195,1,1,1,4,4,5,40,202,197,196,2,2,2,4,4,4,40,202,196,201,1,1,1,4,4,4,40,203,204,198,2,2,2,5,5,4,40,205,199,204,3,3,3,4,4,5,40,205,204,203,2,2,2,4,5,5,40,205,200,199,3,3,3,4,4,4,40,206,186,200,2,2,2,5,5,4,40,206,200,205,3,3,3,5,4,4,40,207,186,206,2,2,2,4,5,5,40,208,209,210,1,1,1,4,4,4,40,211,209,208,1,1,1,4,4,4,40,212,174,213,1,1,1,4,4,4,40,214,202,201,2,2,2,4,4,4,40,214,174,212,1,1,1,4,4,4,40,214,201,174,2,2,2,4,4,4,40,215,197,202,2,2,2,4,4,4,40,215,202,214,2,2,2,4,4,4,40,216,217,218,0,0,0,4,4,4,40,219,217,216,0,0,0,4,4,4,40,220,217,219,0,0,0,4,4,4,40,221,217,220,0,0,0,4,4,4,40,222,217,221,0,0,0,4,4,4,40,223,217,222,0,0,0,4,4,4,40,224,220,225,2,2,2,4,4,4,40,224,221,220,2,2,2,4,4,4,40,226,221,224,2,2,2,4,4,4,40,227,228,229,2,2,2,5,5,4,40,230,228,227,2,2,2,4,5,5,40,231,232,233,2,2,2,4,5,4,40,234,232,231,2,2,2,4,5,4,40,235,232,234,2,2,2,4,5,4,40,236,237,238,0,0,0,4,4,4,40,236,238,235,0,0,0,4,4,4,40,236,235,234,0,0,0,4,4,4,40,239,236,240,0,0,0,4,4,4,40,241,237,236,0,0,0,4,4,4,40,241,236,239,0,0,0,4,4,4,40,242,243,244,1,1,1,4,4,4,40,245,243,242,1,1,1,4,4,4,40,246,247,243,2,2,2,4,4,4,40,246,243,245,1,1,1,4,4,4,40,248,247,246,2,2,2,4,4,4,40,249,250,251,1,1,1,4,4,4,40,249,252,250,1,1,1,4,5,4,40,253,254,252,2,2,2,4,4,5,40,253,252,249,1,1,1,4,5,4,40,255,254,253,2,2,2,4,4,4,40,256,257,258,2,2,2,4,4,4,40,256,259,257,2,2,2,4,5,4,40,260,259,256,2,2,2,4,5,4,40,261,262,263,2,2,2,4,4,4,40,264,262,261,2,2,2,4,4,4,40,265,262,264,2,2,2,4,4,4,40,266,267,268,1,1,1,4,4,4,40,269,267,266,1,1,1,4,4,4,40,270,271,272,1,1,1,6,6,6,40,272,271,273,1,1,1,6,6,6,40,274,275,276,0,0,0,6,6,7,40,276,275,277,0,0,0,7,6,6,40,277,275,278,0,0,0,6,6,6,40,278,275,279,0,0,0,6,6,6,40,279,275,280,0,0,0,6,6,6,40,280,275,281,0,0,0,6,6,6,40,282,283,284,2,2,2,6,6,6,40,284,283,285,2,2,2,6,6,6,40,286,287,288,1,1,1,6,6,6,40,287,278,289,2,2,2,6,6,6,40,288,287,289,1,1,1,6,6,6,40,278,279,289,2,2,2,6,6,6,40,289,279,290,2,2,2,6,6,6,40,285,283,291,2,2,2,6,6,6,40,291,283,292,2,2,2,6,6,6,40,293,294,295,2,2,2,6,6,6,40,296,295,297,2,2,2,6,6,7,40,295,294,298,2,2,2,6,6,6,40,297,295,298,2,2,2,7,6,6,40,299,300,301,1,1,1,6,6,6,40,300,302,303,2,2,2,6,7,6,40,301,300,303,1,1,1,6,6,6,40,303,302,304,2,2,2,6,7,6,40,304,302,305,2,2,2,6,7,6,40,306,307,308,0,0,0,6,6,6,40,304,305,308,0,0,0,6,6,6,40,305,306,308,0,0,0,6,6,6,40,309,308,310,0,0,0,6,6,6,40,308,307,311,0,0,0,6,6,6,40,310,308,311,0,0,0,6,6,6,40,312,313,314,2,2,2,6,7,7,40,314,313,315,2,2,2,7,7,6,40,316,317,318,2,2,2,6,6,6,40,319,320,321,2,2,2,6,6,6,40,316,318,322,2,2,2,6,6,6,40,318,321,322,2,2,2,6,6,6,40,321,320,323,2,2,2,6,6,6,40,322,321,323,2,2,2,6,6,6,40,323,320,324,2,2,2,6,6,6,40,324,320,325,2,2,2,6,6,6,40,326,316,327,1,1,1,6,6,6,40,316,322,328,2,2,2,6,6,7,40,327,316,328,1,1,1,6,6,7,40,328,322,329,2,2,2,7,6,6,40,330,331,332,1,1,1,8,8,8,40,333,331,330,1,1,1,8,8,8,40,334,335,336,1,1,1,8,8,8,40,337,335,334,1,1,1,8,8,8,40,338,339,340,0,0,0,8,8,8,40,341,339,338,0,0,0,8,8,8,40,342,343,344,0,0,0,8,8,8,40,345,343,342,0,0,0,8,8,8,40,346,347,348,0,0,0,8,8,8,40,349,346,348,0,0,0,9,8,8,40,350,349,348,0,0,0,9,