{
    "metadata":{
        "uvs":1,
        "normals":12,
        "faces":258,
        "type":"Geometry",
        "vertices":289,
        "version":3,
        "generator":"io_three"
    },
    "name":"C_SteveGeometry",
    "uvs":[[0.275391,0.5,0.728516,0.5,0.806641,0.5,0.001953,0.5,0.123047,0.5,0.759766,0.5,0.244141,0.5]],
    "normals":[-1,0,-0,-0.999969,0,-0,1,0,-0,0.999969,0,-0,0,1,-0,0,0.999969,-0,0,-1,-0,0,-0.999969,-0,0,0,1,0,0,0.999969,0,0,-1,0,0,-0.999969],
    "faces":[40,0,1,2,0,0,0,0,0,0,40,3,1,0,0,0,0,1,0,0,40,4,5,6,1,1,1,0,1,0,40,7,5,4,1,1,1,0,1,0,40,8,5,7,1,1,1,0,1,0,40,9,8,7,2,2,2,0,0,0,40,10,8,9,2,2,2,0,0,0,40,11,12,13,2,2,2,0,0,0,40,14,12,11,2,2,2,0,0,0,40,15,16,17,2,2,2,0,0,0,40,18,16,15,2,2,2,0,0,0,40,19,14,11,1,1,1,0,0,0,40,20,18,15,1,1,1,0,0,0,40,21,19,11,1,1,1,0,0,0,40,21,20,19,1,1,1,0,0,0,40,22,18,20,1,1,1,0,0,0,40,22,20,21,1,1,1,0,0,0,40,23,24,25,0,0,0,1,0,1,40,26,24,23,0,0,0,0,0,1,40,27,23,25,0,0,0,0,1,1,40,28,23,27,0,0,0,0,1,0,40,29,28,27,3,3,3,1,0,0,40,29,23,28,0,0,0,1,1,0,40,30,23,29,0,0,0,0,1,1,40,31,30,29,4,4,4,0,0,1,40,31,23,30,0,0,0,0,1,0,40,32,26,23,4,4,4,0,0,1,40,32,23,31,0,0,0,0,1,0,40,33,29,27,3,3,3,1,1,0,40,34,31,29,4,4,4,0,0,1,40,34,29,33,3,3,3,0,1,1,40,34,32,31,4,4,4,0,0,0,40,35,34,33,4,4,4,0,0,1,40,36,26,32,4,4,4,0,0,0,40,36,34,35,4,4,4,0,0,0,40,36,32,34,4,4,4,0,0,0,40,37,38,39,1,1,1,0,1,0,40,40,38,37,1,1,1,0,1,0,40,41,38,40,1,1,1,0,1,0,40,42,41,40,2,2,2,0,0,0,40,43,41,42,2,2,2,0,0,0,40,44,43,42,2,2,2,0,0,0,40,45,43,44,2,2,2,0,0,0,40,46,47,48,0,0,0,0,0,0,40,49,47,46,0,0,0,0,0,0,40,50,51,52,0,0,0,2,2,2,40,52,51,53,0,0,0,2,2,2,40,54,55,56,1,1,1,2,3,2,40,56,55,57,1,1,1,2,3,2,40,57,55,58,1,1,1,2,3,2,40,57,58,59,2,2,2,2,2,2,40,59,58,60,2,2,2,2,2,2,40,59,60,61,2,2,2,2,2,2,40,61,60,62,2,2,2,2,2,2,40,63,64,65,0,0,0,3,2,3,40,65,64,66,0,0,0,3,2,2,40,63,65,67,0,0,0,3,3,2,40,67,65,68,0,0,0,2,3,2,40,67,68,69,3,3,3,2,2,3,40,68,65,69,0,0,0,2,3,3,40,69,65,70,0,0,0,3,3,2,40,69,70,71,4,4,4,3,2,2,40,70,65,71,0,0,0,2,3,2,40,65,66,72,4,4,4,3,2,2,40,71,65,72,0,0,0,2,3,2,40,67,69,73,3,3,3,2,3,3,40,69,71,74,4,4,4,3,2,2,40,73,69,74,3,3,3,3,3,2,40,71,72,74,4,4,4,2,2,2,40,73,74,75,4,4,4,3,2,2,40,72,66,76,4,4,4,2,2,2,40,75,74,76,4,4,4,2,2,2,40,74,72,76,4,4,4,2,2,2,40,77,78,79,1,1,1,2,3,2,40,79,78,80,1,1,1,2,3,2,40,80,78,81,1,1,1,2,3,2,40,80,81,82,2,2,2,2,2,2,40,82,81,83,2,2,2,2,2,2,40,84,85,86,2,2,2,2,2,2,40,86,85,87,2,2,2,2,2,2,40,88,89,90,1,1,1,2,2,2,40,86,87,91,1,1,1,2,2,2,40,88,90,92,1,1,1,2,2,2,40,90,91,92,1,1,1,2,2,2,40,91,87,93,1,1,1,2,2,2,40,92,91,93,1,1,1,2,2,2,40,94,95,96,0,0,0,2,2,2,40,96,95,97,0,0,0,2,2,3,40,98,99,100,1,1,1,4,4,4,40,101,98,100,1,1,1,4,4,4,40,102,103,98,0,0,0,4,4,4,40,102,98,101,1,1,1,4,4,4,40,104,103,102,0,0,0,4,4,4,40,105,106,103,3,3,3,4,4,4,40,105,103,104,0,0,0,4,4,4,40,107,108,106,4,4,4,4,5,4,40,107,106,105,3,3,3,4,4,4,40,109,108,107,4,4,4,4,5,4,40,110,111,112,1,1,1,4,4,4,40,113,111,110,1,1,1,4,4,4,40,114,101,100,1,1,1,4,4,4,40,115,102,101,0,0,0,4,4,4,40,115,101,114,1,1,1,4,4,4,40,116,104,102,4,4,4,4,4,4,40,117,105,104,0,0,0,4,4,4,40,117,104,116,4,4,4,4,4,4,40,118,107,105,5,5,5,4,4,4,40,118,105,117,0,0,0,4,4,4,40,119,109,107,0,0,0,4,4,4,40,119,107,118,5,5,5,4,4,4,40,120,100,121,2,2,2,4,4,4,40,122,114,100,1,1,1,4,4,4,40,122,100,120,2,2,2,4,4,4,40,123,115,114,0,0,0,4,4,4,40,123,122,120,1,1,1,4,4,4,40,123,114,122,1,1,1,4,4,4,40,124,102,115,0,0,0,4,4,4,40,124,115,123,0,0,0,4,4,4,40,125,116,102,4,4,4,4,4,4,40,125,117,116,6,6,6,4,4,4,40,126,119,118,0,0,0,4,4,4,40,126,117,125,6,6,6,4,4,4,40,126,118,117,0,0,0,4,4,4,40,127,119,126,0,0,0,5,4,4,40,128,109,119,0,0,0,4,4,4,40,128,119,127,0,0,0,4,4,5,40,129,120,121,2,2,2,4,4,4,40,130,123,120,1,1,1,5,4,4,40,130,120,129,2,2,2,5,4,4,40,130,124,123,1,1,1,5,4,4,40,131,102,124,0,0,0,4,4,4,40,131,124,130,1,1,1,4,4,5,40,132,125,102,4,4,4,5,4,4,40,132,102,131,0,0,0,5,4,4,40,132,126,125,4,4,4,5,4,4,40,133,127,126,0,0,0,4,5,4,40,133,126,132,4,4,4,4,4,5,40,134,128,127,5,5,5,4,4,5,40,134,127,133,0,0,0,4,5,4,40,135,109,128,0,0,0,5,4,4,40,135,128,134,5,5,5,5,4,4,40,136,108,109,4,4,4,4,5,4,40,136,109,135,0,0,0,4,4,5,40,137,132,131,1,1,1,4,5,4,40,137,130,129,1,1,1,4,5,4,40,137,131,130,1,1,1,4,4,5,40,137,134,133,0,0,0,4,4,4,40,137,133,132,0,0,0,4,4,5,40,138,135,134,3,3,3,5,5,4,40,138,134,137,0,0,0,5,4,4,40,139,136,135,4,4,4,4,4,5,40,139,135,138,3,3,3,4,5,5,40,140,108,136,4,4,4,4,5,4,40,140,136,139,4,4,4,4,4,4,40,141,142,143,1,1,1,4,4,4,40,144,142,141,1,1,1,4,4,4,40,145,137,129,1,1,1,4,4,4,40,146,137,145,1,1,1,4,4,4,40,147,148,149,0,0,0,4,4,4,40,150,148,147,0,0,0,4,4,4,40,151,148,150,0,0,0,4,4,4,40,152,148,151,0,0,0,4,4,4,40,153,148,152,0,0,0,4,4,4,40,154,148,153,0,0,0,4,4,4,40,155,151,156,2,2,2,4,4,4,40,155,152,151,2,2,2,4,4,4,40,157,152,155,2,2,2,4,4,4,40,158,159,160,2,2,2,4,4,5,40,161,158,160,2,2,2,4,4,5,40,162,158,161,2,2,2,4,4,4,40,163,158,162,2,2,2,4,4,4,40,164,163,162,0,0,0,4,4,4,40,164,165,163,0,0,0,4,4,4,40,166,164,167,0,0,0,4,4,4,40,168,165,164,0,0,0,4,4,4,40,168,164,166,0,0,0,4,4,4,40,169,170,171,2,2,2,4,4,4,40,172,170,169,2,2,2,4,4,4,40,173,174,175,2,2,2,6,6,6,40,175,174,176,2,2,2,6,6,6,40,177,178,179,0,0,0,6,6,7,40,179,178,180,0,0,0,7,6,6,40,180,178,181,0,0,0,6,6,6,40,181,178,182,0,0,0,6,6,6,40,182,178,183,0,0,0,6,6,6,40,183,178,184,0,0,0,6,6,6,40,185,186,187,1,1,1,6,6,6,40,186,181,188,2,2,2,6,6,6,40,187,186,188,1,1,1,6,6,6,40,181,182,188,2,2,2,6,6,6,40,188,182,189,2,2,2,6,6,6,40,190,191,192,1,1,1,6,6,6,40,191,193,194,2,2,2,6,7,6,40,192,191,194,1,1,1,6,6,6,40,194,193,195,2,2,2,6,7,6,40,195,193,196,2,2,2,6,7,6,40,195,196,197,0,0,0,6,6,6,40,196,198,197,0,0,0,6,6,6,40,198,199,197,0,0,0,6,6,6,40,200,197,201,0,0,0,6,6,6,40,197,199,202,0,0,0,6,6,6,40,201,197,202,0,0,0,6,6,6,40,203,204,205,1,1,1,6,6,6,40,203,205,206,1,1,1,6,6,6,40,205,207,206,0,0,0,6,6,6,40,207,208,209,4,4,4,6,6,6,40,206,207,209,0,0,0,6,6,6,40,209,208,210,4,4,4,6,6,6,40,211,203,212,2,2,2,6,6,6,40,203,206,213,1,1,1,6,6,6,40,212,203,213,2,2,2,6,6,6,40,213,206,214,1,1,1,6,6,6,40,215,216,217,1,1,1,8,8,8,40,218,216,215,1,1,1,8,8,8,40,219,215,217,1,1,1,8,8,8,40,219,218,215,0,0,0,8,8,8,40,220,216,218,1,1,1,8,8,8,40,220,218,219,0,0,0,8,8,8,40,221,219,217,1,1,1,8,8,8,40,221,220,219,1,1,1,8,8,8,40,222,216,220,1,1,1,8,8,8,40,222,220,221,1,1,1,8,8,8,40,223,224,225,1,1,1,8,8,8,40,226,224,223,1,1,1,8,8,8,40,227,228,229,0,0,0,8,8,8,40,230,228,227,0,0,0,8,8,8,40,231,232,233,0,0,0,8,8,8,40,234,232,231,0,0,0,8,8,8,40,235,236,237,0,0,0,8,8,8,40,238,236,235,0,0,0,8,8,8,40,239,240,241,0,0,0,9,9,8,40,242,240,239,0,0,0,8,9,9,40,243,244,245,2,2,2,8,8,8,40,246,244,243,2,2,2,8,8,8,40,247,244,246,2,2,2,8,8,8,40,248,249,244,1,1,1,8,8,8,40,248,244,247,2,2,2,8,8,8,40,250,249,248,1,1,1,8,8,8,40,251,252,253,2,2,2,8,8,8,40,251,254,255,2,2,2,8,8,8,40,251,255,252,2,2,2,8,8,8,40,256,254,251,2,2,2,8,8,8,40,257,258,259,2,2,2,8,8,8,40,260,258,257,2,2,2,8,8,8,40,261,262,263,1,1,1,10,11,11,40,263,262,264,1,1,1,11,11,10,40,265,266,267,1,1,1,10,11,10,40,267,266,268,1,1,1,10,11,10,40,269,270,271,0,0,0,10,10,10,40,271,270,272,0,0,0,10,10,10,40,273,274,275,0,0,0,10,10,10,40,275,274,276,0,0,0,10,10,10,40,277,278,279,1,1,1,10,11,10,40,279,278,280,1,1,1,10,11,10,40,281,282,283,1,1,1,10,10,10,40,283,282,284,1,1,1,10,10,10,40,285,286,287,4,4,4,10,10,10,40,287,286,288,4,4,4,10,10,10],