{
    "metadata":{
        "uvs":1,
        "normals":12,
        "faces":276,
        "type":"Geometry",
        "vertices":332,
        "version":3,
        "generator":"io_three"
    },
    "name":"C_ZombieGeometry",
    "uvs":[[0.275391,0.5,0.591797,0.5,0.556641,0.5,0.744141,0.5]],
    "normals":[-1,0,-0,-0.999969,0,-0,1,0,-0,0.999969,0,-0,0,1,-0,0,0.999969,-0,0,-1,-0,0,-0.999969,-0,0,0,1,0,0,0.999969,0,0,-1,0,0,-0.999969],
    "faces":[40,0,1,2,0,0,0,0,0,0,40,3,1,0,0,0,0,1,0,0,40,4,5,6,1,1,1,0,1,0,40,7,5,4,1,1,1,0,1,0,40,8,5,7,1,1,1,0,1,0,40,9,8,7,2,2,2,0,0,0,40,10,8,9,2,2,2,0,0,0,40,11,10,9,3,3,3,0,0,0,40,12,10,11,3,3,3,0,0,0,40,13,14,15,3,3,3,0,0,0,40,16,14,13,3,3,3,0,0,0,40,17,18,19,3,3,3,0,0,0,40,20,18,17,3,3,3,0,0,0,40,21,16,13,2,2,2,0,0,0,40,22,20,17,2,2,2,0,0,0,40,23,21,13,2,2,2,0,0,0,40,23,22,21,2,2,2,0,0,0,40,24,20,22,2,2,2,0,0,0,40,24,22,23,2,2,2,0,0,0,40,25,26,27,2,2,2,0,0,0,40,28,26,25,2,2,2,1,0,0,40,29,30,31,2,2,2,0,0,0,40,32,30,29,2,2,2,0,0,0,40,33,34,35,2,2,2,1,1,0,40,36,34,33,2,2,2,0,1,1,40,37,38,39,1,1,1,0,1,0,40,40,38,37,1,1,1,0,1,0,40,41,38,40,1,1,1,0,1,0,40,42,41,40,2,2,2,0,0,0,40,43,41,42,2,2,2,1,0,0,40,44,43,42,3,3,3,0,1,0,40,45,43,44,3,3,3,0,1,0,40,46,45,44,3,3,3,0,0,0,40,47,45,46,3,3,3,0,0,0,40,48,49,50,0,0,0,0,0,0,40,51,49,48,0,0,0,0,0,0,40,52,53,54,0,0,0,2,2,2,40,54,53,55,0,0,0,2,2,2,40,56,57,58,1,1,1,2,3,2,40,58,57,59,1,1,1,2,3,2,40,59,57,60,1,1,1,2,3,2,40,59,60,61,2,2,2,2,2,2,40,61,60,62,2,2,2,2,2,3,40,61,62,63,3,3,3,2,3,2,40,63,62,64,3,3,3,2,3,2,40,63,64,65,3,3,3,2,2,2,40,65,64,66,3,3,3,2,2,2,40,67,68,69,2,2,2,2,2,2,40,69,68,70,2,2,2,2,2,2,40,71,72,73,2,2,2,2,3,3,40,73,72,74,2,2,2,3,3,2,40,75,76,77,2,2,2,2,2,2,40,77,76,78,2,2,2,2,2,3,40,79,80,81,1,1,1,2,3,2,40,81,80,82,1,1,1,2,3,2,40,82,80,83,1,1,1,2,3,2,40,82,83,84,2,2,2,2,2,2,40,84,83,85,2,2,2,2,2,2,40,84,85,86,3,3,3,2,2,2,40,86,85,87,3,3,3,2,2,2,40,88,89,90,3,3,3,2,2,2,40,90,89,91,3,3,3,2,2,2,40,92,93,94,3,3,3,2,2,2,40,94,93,95,3,3,3,2,2,2,40,90,91,96,2,2,2,2,2,2,40,94,95,97,2,2,2,2,2,2,40,90,96,98,2,2,2,2,2,2,40,96,97,98,2,2,2,2,2,2,40,97,95,99,2,2,2,2,2,2,40,98,97,99,2,2,2,2,2,2,40,100,101,102,0,0,0,2,2,2,40,102,101,103,0,0,0,2,2,3,40,104,105,106,2,2,2,4,4,4,40,107,105,104,2,2,2,5,4,4,40,108,104,106,2,2,2,4,4,4,40,108,107,104,1,1,1,4,5,4,40,109,105,107,2,2,2,4,4,5,40,109,107,108,1,1,1,4,5,4,40,110,105,109,2,2,2,4,4,4,40,111,112,113,2,2,2,4,4,4,40,114,112,111,2,2,2,4,4,4,40,115,112,114,2,2,2,4,4,4,40,116,117,118,1,1,1,4,4,4,40,119,117,116,1,1,1,4,4,4,40,120,110,109,2,2,2,4,4,4,40,120,109,108,2,2,2,4,4,4,40,120,111,110,2,2,2,4,4,4,40,120,114,111,2,2,2,4,4,4,40,121,114,120,2,2,2,4,4,4,40,122,115,114,1,1,1,4,4,4,40,122,114,121,2,2,2,4,4,4,40,123,112,115,2,2,2,5,4,4,40,123,115,122,1,1,1,5,4,4,40,124,121,120,1,1,1,4,4,4,40,124,120,108,2,2,2,4,4,4,40,125,121,124,1,1,1,4,4,4,40,126,122,121,2,2,2,4,4,4,40,126,121,125,1,1,1,4,4,4,40,126,123,122,2,2,2,4,5,4,40,127,123,126,2,2,2,5,5,4,40,128,125,124,2,2,2,4,4,4,40,128,124,108,2,2,2,4,4,4,40,129,127,126,1,1,1,5,5,4,40,129,125,128,2,2,2,5,4,4,40,129,126,125,1,1,1,5,4,4,40,130,127,129,1,1,1,4,5,5,40,131,123,127,2,2,2,4,5,5,40,131,127,130,1,1,1,4,5,4,40,132,130,129,1,1,1,5,4,5,40,132,128,108,2,2,2,5,4,4,40,132,129,128,1,1,1,5,5,4,40,133,131,130,2,2,2,4,4,4,40,133,130,132,1,1,1,4,4,5,40,134,123,131,2,2,2,5,5,4,40,134,131,133,2,2,2,5,4,4,40,135,112,123,2,2,2,4,4,5,40,135,123,134,2,2,2,4,5,5,40,136,134,133,2,2,2,5,5,4,40,136,108,106,2,2,2,5,4,4,40,136,133,132,2,2,2,5,4,5,40,136,132,108,2,2,2,5,5,4,40,137,134,136,2,2,2,4,5,5,40,138,134,137,2,2,2,4,5,4,40,139,134,138,2,2,2,4,5,4,40,140,135,134,1,1,1,4,4,5,40,140,134,139,2,2,2,4,5,4,40,141,112,135,2,2,2,4,4,4,40,141,135,140,1,1,1,4,4,4,40,142,136,106,2,2,2,4,5,4,40,142,137,136,1,1,1,4,4,5,40,143,138,137,2,2,2,4,4,4,40,143,137,142,1,1,1,4,4,4,40,144,140,139,2,2,2,5,4,4,40,144,141,140,2,2,2,5,4,4,40,145,112,141,2,2,2,5,4,4,40,145,141,144,2,2,2,5,4,5,40,146,147,148,1,1,1,4,4,4,40,149,147,146,1,1,1,4,4,4,40,150,106,151,3,3,3,4,4,4,40,152,143,142,2,2,2,4,4,4,40,152,106,150,3,3,3,4,4,4,40,152,142,106,2,2,2,4,4,4,40,153,138,143,2,2,2,4,4,4,40,153,143,152,2,2,2,4,4,4,40,154,155,156,0,0,0,4,4,4,40,157,155,154,0,0,0,4,4,4,40,158,155,157,0,0,0,4,4,4,40,159,155,158,0,0,0,4,4,4,40,160,155,159,0,0,0,4,4,4,40,161,155,160,0,0,0,4,4,4,40,162,163,164,2,2,2,4,4,4,40,165,158,163,3,3,3,4,4,4,40,165,163,162,2,2,2,4,4,4,40,165,159,158,3,3,3,4,4,4,40,166,159,165,3,3,3,4,4,4,40,167,168,169,2,2,2,5,5,4,40,170,168,167,2,2,2,4,5,5,40,171,172,173,2,2,2,4,4,4,40,174,175,172,3,3,3,4,5,4,40,174,172,171,2,2,2,4,4,4,40,176,175,174,3,3,3,4,5,4,40,177,175,176,3,3,3,4,5,4,40,178,179,180,0,0,0,4,4,4,40,178,177,176,0,0,0,4,4,4,40,178,180,177,0,0,0,4,4,4,40,181,178,182,0,0,0,4,4,4,40,183,179,178,0,0,0,4,4,4,40,183,178,181,0,0,0,4,4,4,40,184,185,186,3,3,3,4,4,4,40,187,185,184,3,3,3,4,4,4,40,188,189,190,3,3,3,6,6,6,40,190,189,191,3,3,3,6,6,6,40,192,193,194,0,0,0,6,6,7,40,194,193,195,0,0,0,7,6,6,40,195,193,196,0,0,0,6,6,6,40,196,193,197,0,0,0,6,6,6,40,197,193,198,0,0,0,6,6,6,40,198,193,199,0,0,0,6,6,6,40,200,201,202,1,1,1,6,6,6,40,201,203,204,2,2,2,6,6,6,40,202,201,204,1,1,1,6,6,6,40,203,196,205,3,3,3,6,6,6,40,204,203,205,2,2,2,6,6,6,40,196,197,205,3,3,3,6,6,6,40,205,197,206,3,3,3,6,6,6,40,207,208,209,1,1,1,6,6,6,40,208,210,211,2,2,2,6,6,6,40,209,208,211,1,1,1,6,6,6,40,210,212,213,3,3,3,6,7,6,40,211,210,213,2,2,2,6,6,6,40,213,212,214,3,3,3,6,7,6,40,214,212,215,3,3,3,6,7,6,40,214,215,216,0,0,0,6,6,6,40,215,217,216,0,0,0,6,6,6,40,217,218,216,0,0,0,6,6,6,40,219,216,220,0,0,0,6,6,6,40,216,218,221,0,0,0,6,6,6,40,220,216,221,0,0,0,6,6,6,40,222,223,224,2,2,2,6,7,7,40,224,223,225,2,2,2,7,7,6,40,226,227,228,2,2,2,6,6,6,40,229,230,231,2,2,2,6,6,6,40,226,228,232,2,2,2,6,6,6,40,228,231,232,2,2,2,6,6,6,40,231,230,233,2,2,2,6,6,6,40,232,231,233,2,2,2,6,6,6,40,233,230,234,2,2,2,6,6,6,40,234,230,235,2,2,2,6,6,6,40,236,226,237,3,3,3,6,6,6,40,226,232,238,2,2,2,6,6,7,40,237,226,238,3,3,3,6,6,7,40,238,232,239,2,2,2,7,6,6,40,240,241,242,1,1,1,8,8,8,40,243,241,240,1,1,1,8,8,8,40,244,245,246,1,1,1,8,8,8,40,247,245,244,1,1,1,8,8,8,40,248,240,242,1,1,1,8,8,8,40,248,243,240,2,2,2,8,8,8,40,249,241,243,1,1,1,8,8,8,40,249,243,248,2,2,2,8,8,8,40,250,247,244,2,2,2,8,8,8,40,250,244,246,1,1,1,8,8,8,40,251,245,247,1,1,1,8,8,8,40,251,247,250,2,2,2,8,8,8,40,252,248,242,1,1,1,8,8,8,40,252,249,248,1,1,1,8,8,8,40,253,241,249,1,1,1,8,8,8,40,253,249,252,1,1,1,8,8,8,40,254,250,246,1,1,1,9,8,8,40,254,251,250,1,1,1,9,8,8,40,255,245,251,1,1,1,9,8,8,40,255,251,254,1,1,1,9,8,9,40,256,257,258,0,0,0,8,8,8,40,259,257,256,0,0,0,8,8,8,40,260,261,262,0,0,0,8,8,8,40,263,261,260,0,0,0,8,8,8,40,264,265,266,0,0,0,8,8,8,40,267,265,264,0,0,0,8,8,8,40,268,269,270,0,0,0,9,9,8,40,271,269,268,0,0,0,8,9,9,40,272,273,274,3,3,3,9,9,8,40,275,273,272,3,3,3,8,9,9,40,276,273,275,3,3,3,8,9,8,40,277,273,276,3,3,3,8,9,8,40,278,279,280,3,3,3,8,8,8,40,278,281,282,3,3,3,8,8,8,40,278,282,279,3,3,3,8,8,8,40,283,281,278,3,3,3,8,8,8,40,284,285,286,3,3,3,8,8,8,40,287,285,284,3,3,3,8,8,8,40,288,289,290,2,2,2,8,8,8,40,291,289,288,2,2,2,8,8,8,40,292,293,294,2,2,2,8,8,8,40,295,293,292,2,2,2,8,8,8,40,296,297,298,1,1,1,10,11,11,40,298,297,299,1,1,1,11,11,10,40,300,301,302,1,1,1,10,11,10,40,302,301,303,1,1,1,10,11,10,40,304,305,306,0,0,0,10,10,10,40,306,305,307,0,0,0,10,10,10,40,308,309,310,0,0,0,10,10,10,40,310,309,311,0,0,0,10,10,10,40,312,313,314,2,2,2,10,10,10,40,314,313,315,2,2,2,10,10,10,40,316,317,318,2,2,2,10,10,11,40,318,317,319,2,2,2,11,10,10,40,320,321,322,2,2,2,10,11,10,40,322,321,323,2,2,2,10,11,10,40,320,322,324,2,2,2,10,10,10,40,323,321,325,2,2,2,10,11,10,40,320,324,326,2,2,2,10,10,10,40,324,325,326,2,2,2,10,10,10,40,325,321,327,2,2,2,10,11,10,40,326,325,327,2,2,2,10,10,10,40,328,329,330,2,2,2,10,10,10,40,330,329,331,2,2,2,10,10,10],