{
    "metadata":{
        "uvs":1,
        "normals":12,
        "faces":336,
        "type":"Geometry",
        "vertices":426,
        "version":3,
        "generator":"io_three"
    },
    "name":"C_ChickenGeometry",
    "uvs":[[0.275391,0.5,0.912109,0.5,0.056641,0.5,0.373047,0.5,0.244141,0.5,0.759766,0.5]],
    "normals":[-1,0,-0,-0.999969,0,-0,1,0,-0,0.999969,0,-0,0,1,-0,0,0.999969,-0,0,-1,-0,0,-0.999969,-0,0,0,1,0,0,0.999969,0,0,-1,0,0,-0.999969],
    "faces":[40,0,1,2,0,0,0,0,0,0,40,3,1,0,0,0,0,1,0,0,40,4,5,6,1,1,1,0,1,0,40,7,5,4,1,1,1,0,1,0,40,8,5,7,1,1,1,1,1,0,40,9,8,7,2,2,2,1,1,0,40,10,8,9,2,2,2,0,1,1,40,11,10,9,0,0,0,0,0,1,40,12,10,11,0,0,0,0,0,0,40,13,12,11,2,2,2,0,0,0,40,14,12,13,2,2,2,0,0,0,40,15,16,17,2,2,2,0,0,0,40,18,16,15,2,2,2,0,0,0,40,19,20,21,2,2,2,0,0,0,40,22,20,19,2,2,2,0,0,0,40,23,18,15,0,0,0,0,0,0,40,24,22,19,0,0,0,0,0,0,40,25,23,15,0,0,0,0,0,0,40,25,24,23,0,0,0,0,0,0,40,26,22,24,0,0,0,0,0,0,40,26,24,25,0,0,0,0,0,0,40,27,28,29,1,1,1,0,0,0,40,30,28,27,1,1,1,0,0,0,40,31,30,27,2,2,2,0,0,0,40,32,28,30,1,1,1,0,0,0,40,32,30,31,2,2,2,0,0,0,40,33,32,31,1,1,1,1,0,0,40,34,28,32,1,1,1,0,0,0,40,34,32,33,1,1,1,0,0,1,40,35,36,37,1,1,1,0,0,0,40,38,36,35,1,1,1,0,0,0,40,39,40,41,1,1,1,1,1,0,40,42,40,39,1,1,1,0,1,1,40,43,44,45,3,3,3,0,0,0,40,46,43,45,3,3,3,0,0,0,40,47,43,46,3,3,3,0,0,0,40,48,49,50,2,2,2,0,0,0,40,51,49,48,2,2,2,0,0,0,40,52,49,51,2,2,2,0,0,0,40,53,49,52,2,2,2,0,0,0,40,54,49,53,2,2,2,0,0,0,40,55,49,54,2,2,2,0,0,0,40,56,57,58,1,1,1,0,1,0,40,59,57,56,1,1,1,0,1,0,40,60,57,59,1,1,1,1,1,0,40,61,60,59,2,2,2,1,1,0,40,62,60,61,2,2,2,0,1,1,40,63,62,61,0,0,0,0,0,1,40,64,62,63,0,0,0,1,0,0,40,65,64,63,2,2,2,0,1,0,40,66,64,65,2,2,2,0,1,0,40,67,66,65,2,2,2,0,0,0,40,68,66,67,2,2,2,0,0,0,40,69,70,71,0,0,0,0,0,0,40,72,70,69,0,0,0,0,0,0,40,73,74,75,0,0,0,2,2,2,40,75,74,76,0,0,0,2,2,2,40,77,78,79,1,1,1,2,3,2,40,79,78,80,1,1,1,2,3,2,40,80,78,81,1,1,1,2,3,3,40,80,81,82,2,2,2,2,3,3,40,82,81,83,2,2,2,3,3,2,40,82,83,84,0,0,0,3,2,2,40,84,83,85,0,0,0,2,2,3,40,84,85,86,2,2,2,2,3,2,40,86,85,87,2,2,2,2,3,2,40,86,87,88,2,2,2,2,2,2,40,88,87,89,2,2,2,2,2,2,40,90,91,92,2,2,2,2,2,2,40,92,91,93,2,2,2,2,2,2,40,93,91,94,2,2,2,2,2,2,40,94,91,95,2,2,2,2,2,2,40,95,91,96,2,2,2,2,2,2,40,96,91,97,2,2,2,2,2,2,40,98,99,100,3,3,3,2,2,2,40,98,100,101,3,3,3,2,2,2,40,101,100,102,3,3,3,2,2,2,40,103,104,105,1,1,1,2,2,2,40,105,104,106,1,1,1,2,2,2,40,107,108,109,1,1,1,2,3,3,40,109,108,110,1,1,1,3,3,2,40,111,112,113,1,1,1,2,2,2,40,113,112,114,1,1,1,2,2,2,40,113,114,115,2,2,2,2,2,2,40,114,112,116,1,1,1,2,2,2,40,115,114,116,2,2,2,2,2,2,40,115,116,117,1,1,1,2,2,3,40,116,112,118,1,1,1,2,2,2,40,117,116,118,1,1,1,3,2,2,40,119,120,121,1,1,1,2,3,2,40,121,120,122,1,1,1,2,3,2,40,122,120,123,1,1,1,2,3,3,40,122,123,124,2,2,2,2,3,3,40,124,123,125,2,2,2,3,3,2,40,124,125,126,0,0,0,3,2,2,40,126,125,127,0,0,0,2,2,2,40,126,127,128,2,2,2,2,2,2,40,128,127,129,2,2,2,2,2,2,40,130,131,132,2,2,2,2,2,2,40,132,131,133,2,2,2,2,2,2,40,134,135,136,2,2,2,2,2,2,40,136,135,137,2,2,2,2,2,2,40,132,133,138,0,0,0,2,2,2,40,136,137,139,0,0,0,2,2,2,40,132,138,140,0,0,0,2,2,2,40,138,139,140,0,0,0,2,2,2,40,139,137,141,0,0,0,2,2,2,40,140,139,141,0,0,0,2,2,2,40,142,143,144,0,0,0,2,2,2,40,144,143,145,0,0,0,2,2,3,40,146,147,148,3,3,3,4,4,4,40,149,147,146,3,3,3,4,4,4,40,150,151,152,0,0,0,4,4,4,40,153,151,150,0,0,0,5,4,4,40,154,150,152,0,0,0,5,4,4,40,154,153,150,4,4,4,5,5,4,40,155,151,153,0,0,0,4,4,5,40,155,153,154,4,4,4,4,5,5,40,156,151,155,0,0,0,4,4,4,40,157,158,159,1,1,1,4,4,4,40,160,158,157,1,1,1,4,4,4,40,161,162,158,2,2,2,4,4,4,40,163,162,161,2,2,2,4,4,4,40,164,165,166,1,1,1,4,4,4,40,167,165,164,1,1,1,4,4,4,40,168,152,169,2,2,2,4,4,4,40,170,154,152,0,0,0,4,5,4,40,170,152,168,2,2,2,4,4,4,40,170,156,155,0,0,0,4,4,4,40,170,155,154,0,0,0,4,4,5,40,171,158,160,1,1,1,4,4,4,40,171,160,157,2,2,2,4,4,4,40,172,161,158,2,2,2,4,4,4,40,172,158,171,1,1,1,4,4,4,40,173,163,161,5,5,5,4,4,4,40,173,161,172,2,2,2,4,4,4,40,174,162,163,2,2,2,4,4,4,40,174,163,173,5,5,5,4,4,4,40,175,174,173,2,2,2,4,4,4,40,176,162,174,2,2,2,4,4,4,40,176,174,175,2,2,2,4,4,4,40,176,177,162,1,1,1,4,4,4,40,178,176,175,1,1,1,4,4,4,40,179,177,176,1,1,1,4,4,4,40,179,176,178,1,1,1,4,4,4,40,180,168,169,2,2,2,4,4,4,40,180,170,168,3,3,3,4,4,4,40,181,156,170,0,0,0,4,4,4,40,181,170,180,3,3,3,4,4,4,40,182,171,157,2,2,2,4,4,4,40,183,179,178,2,2,2,4,4,4,40,184,179,183,2,2,2,4,4,4,40,185,156,181,0,0,0,4,4,4,40,186,156,185,0,0,0,4,4,4,40,187,157,156,1,1,1,4,4,4,40,187,156,186,0,0,0,4,4,4,40,188,182,157,2,2,2,4,4,4,40,188,157,187,1,1,1,4,4,4,40,189,190,182,1,1,1,4,5,4,40,189,182,188,2,2,2,4,4,4,40,191,183,190,2,2,2,4,4,5,40,191,184,183,5,5,5,4,4,4,40,192,179,184,2,2,2,4,4,4,40,192,184,191,5,5,5,4,4,4,40,193,186,185,4,4,4,4,4,4,40,193,185,181,0,0,0,4,4,4,40,194,187,186,0,0,0,4,4,4,40,194,186,193,4,4,4,4,4,4,40,195,189,188,1,1,1,4,4,4,40,196,191,190,2,2,2,5,4,5,40,196,189,195,1,1,1,5,4,4,40,196,192,191,2,2,2,5,4,4,40,196,190,189,1,1,1,5,5,4,40,197,179,192,2,2,2,4,4,4,40,197,192,196,2,2,2,4,4,5,40,197,177,179,1,1,1,4,4,4,40,198,177,197,1,1,1,4,4,4,40,199,200,201,1,1,1,4,4,4,40,202,200,199,1,1,1,4,4,4,40,203,180,169,2,2,2,5,4,4,40,203,181,180,2,2,2,5,4,4,40,204,194,193,0,0,0,4,4,4,40,204,181,203,2,2,2,4,4,5,40,204,193,181,0,0,0,4,4,4,40,205,187,194,0,0,0,4,4,4,40,205,194,204,0,0,0,4,4,4,40,206,207,208,0,0,0,4,4,4,40,209,207,206,0,0,0,4,4,4,40,210,207,209,0,0,0,4,4,4,40,211,207,210,0,0,0,4,4,4,40,212,207,211,0,0,0,4,4,4,40,213,207,212,0,0,0,4,4,4,40,214,215,216,2,2,2,5,4,4,40,217,218,215,0,0,0,4,5,4,40,217,215,214,2,2,2,4,4,5,40,219,210,218,2,2,2,4,4,5,40,219,218,217,0,0,0,4,5,4,40,219,211,210,2,2,2,4,4,4,40,220,211,219,2,2,2,4,4,4,40,221,222,223,1,1,1,4,4,4,40,224,221,223,1,1,1,4,4,4,40,224,225,221,2,2,2,4,5,4,40,226,225,224,2,2,2,4,5,4,40,227,224,223,1,1,1,4,4,4,40,228,224,227,1,1,1,4,4,4,40,229,230,231,2,2,2,5,4,4,40,232,233,230,0,0,0,4,4,4,40,232,230,229,2,2,2,4,4,5,40,234,235,233,2,2,2,4,5,4,40,234,233,232,0,0,0,4,4,4,40,236,235,234,2,2,2,4,5,4,40,237,235,236,2,2,2,4,5,4,40,238,239,240,0,0,0,4,4,4,40,238,237,236,0,0,0,4,4,4,40,238,240,237,0,0,0,4,4,4,40,241,238,242,0,0,0,4,4,4,40,243,239,238,0,0,0,4,4,4,40,243,238,241,0,0,0,4,4,4,40,244,245,246,2,2,2,4,4,4,40,247,245,244,2,2,2,4,4,4,40,248,249,250,2,2,2,4,4,4,40,251,249,248,2,2,2,4,4,4,40,252,253,254,2,2,2,4,4,4,40,255,253,252,2,2,2,4,4,4,40,256,257,258,2,2,2,6,6,6,40,258,257,259,2,2,2,6,6,6,40,260,261,262,0,0,0,6,6,7,40,262,261,263,0,0,0,7,6,6,40,263,261,264,0,0,0,6,6,6,40,264,261,265,0,0,0,6,6,6,40,265,261,266,0,0,0,6,6,6,40,266,261,267,0,0,0,6,6,6,40,268,269,270,1,1,1,6,6,6,40,269,271,272,2,2,2,6,6,6,40,270,269,272,1,1,1,6,6,6,40,271,273,274,0,0,0,6,7,6,40,272,271,274,2,2,2,6,6,6,40,273,264,275,2,2,2,7,6,6,40,274,273,275,0,0,0,6,7,6,40,264,265,275,2,2,2,6,6,6,40,275,265,276,2,2,2,6,6,6,40,277,278,279,1,1,1,6,6,6,40,278,280,281,2,2,2,6,6,6,40,279,278,281,1,1,1,6,6,6,40,280,282,283,0,0,0,6,6,6,40,281,280,283,2,2,2,6,6,6,40,282,284,285,2,2,2,6,7,6,40,283,282,285,0,0,0,6,6,6,40,285,284,286,2,2,2,6,7,6,40,286,284,287,2,2,2,6,7,6,40,286,287,288,0,0,0,6,6,6,40,287,289,288,0,0,0,6,6,6,40,289,290,288,0,0,0,6,6,6,40,291,288,292,0,0,0,6,6,6,40,288,290,293,0,0,0,6,6,6,40,292,288,293,0,0,0,6,6,6,40,294,295,296,1,1,1,6,6,6,40,294,296,297,1,1,1,6,6,6,40,296,298,297,2,2,2,6,6,6,40,297,298,299,2,2,2,6,6,6,40,294,297,300,1,1,1,6,6,6,40,300,297,301,1,1,1,6,6,6,40,302,303,304,0,0,0,6,6,6,40,305,306,307,1,1,1,6,6,6,40,302,304,308,0,0,0,6,6,6,40,304,307,308,1,1,1,6,6,6,40,307,306,309,1,1,1,6,6,6,40,308,307,309,1,1,1,6,6,6,40,309,306,310,1,1,1,6,6,6,40,310,306,311,1,1,1,6,6,6,40,312,302,313,2,2,2,6,6,6,40,302,308,314,0,0,0,6,6,7,40,313,302,314,2,2,2,6,6,7,40,314,308,315,0,0,0,7,6,6,40,316,317,318,1,1,1,8,8,8,40,319,317,316,1,1,1,8,8,8,40,320,321,322,1,1,1,8,8,8,40,323,321,320,1,1,1,8,8,8,40,324,325,326,0,0,0,8,8,8,40,327,325,324,0,0,0,8,8,8,40,328,329,330,0,0,0,8,8,8,40,331,329,328,0,0,0,8,8,8,40,332,333,334,0,0,0,8,8,8,40,335,333,332,0,0,0,8,8,8,40,336,337,338,0,0,0,9,9,8,40,339,337,336,0,0,0,8,9,9,40,340,341,342,2,2,2,9,9,8,40,343,341,